RegionName,Date,Predicted_Value
New York,2025-03-31,627184.2404829329
New York,2025-04-30,643053.0037004815
New York,2025-05-31,666687.9103610605
New York,2025-06-30,689977.7866020605
New York,2025-07-31,697189.8849428733
New York,2025-08-31,696144.44314322
Los Angeles,2025-03-31,964879.1541869356
Los Angeles,2025-04-30,989848.235422457
Los Angeles,2025-05-31,1004116.0177428556
Los Angeles,2025-06-30,1001464.376718392
Los Angeles,2025-07-31,989511.1731505772
Los Angeles,2025-08-31,979100.9536724637
Chicago,2025-03-31,318751.3696685835
Chicago,2025-04-30,336809.76645108697
Chicago,2025-05-31,347592.86059818394
Chicago,2025-06-30,359057.47999511
Chicago,2025-07-31,350176.6934222829
Chicago,2025-08-31,341971.90100445296
Dallas,2025-03-31,392098.9490224732
Dallas,2025-04-30,409876.6075405745
Dallas,2025-05-31,419320.8905036477
Dallas,2025-06-30,417923.5040603097
Dallas,2025-07-31,412538.61812067934
Dallas,2025-08-31,405816.8627616378
Houston,2025-03-31,332020.0546658665
Houston,2025-04-30,346193.3329561308
Houston,2025-05-31,353392.2173271832
Houston,2025-06-30,356393.66641851724
Houston,2025-07-31,353091.06087440177
Houston,2025-08-31,339059.6981821338
Washington,2025-03-31,558630.2384456488
Washington,2025-04-30,592693.9471729383
Washington,2025-05-31,603850.7748468886
Washington,2025-06-30,598327.1765805121
Washington,2025-07-31,582680.9644988327
Washington,2025-08-31,574093.457348897
Philadelphia,2025-03-31,336257.049737568
Philadelphia,2025-04-30,350491.07879249135
Philadelphia,2025-05-31,366951.0419038048
Philadelphia,2025-06-30,388729.0811706733
Philadelphia,2025-07-31,382039.3986752691
Philadelphia,2025-08-31,384971.3737644848
Miami,2025-03-31,493838.4311263917
Miami,2025-04-30,497979.3150664549
Miami,2025-05-31,508231.6925297593
Miami,2025-06-30,518840.32345160673
Miami,2025-07-31,501229.3375012013
Miami,2025-08-31,497489.7330089534
Atlanta,2025-03-31,373280.65180033376
Atlanta,2025-04-30,382331.3053915075
Atlanta,2025-05-31,394631.2604368115
Atlanta,2025-06-30,401389.6518450517
Atlanta,2025-07-31,393925.0809153973
Atlanta,2025-08-31,383425.142899295
Boston,2025-03-31,678397.2434928971
Boston,2025-04-30,699147.6394295886
Boston,2025-05-31,730008.0957188035
Boston,2025-06-30,769081.6179018832
Boston,2025-07-31,751935.0271739409
Boston,2025-08-31,733441.3010377759
Phoenix,2025-03-31,466925.92058381287
Phoenix,2025-04-30,477195.8086718801
Phoenix,2025-05-31,483851.6952204156
Phoenix,2025-06-30,486163.253078771
Phoenix,2025-07-31,477651.7483991416
Phoenix,2025-08-31,475782.9693142762
San Francisco,2025-03-31,1169358.8899477832
San Francisco,2025-04-30,1228108.3366792975
San Francisco,2025-05-31,1238919.2888700091
San Francisco,2025-06-30,1231663.2872079108
San Francisco,2025-07-31,1191733.734304788
San Francisco,2025-08-31,1114344.4622423365
Riverside,2025-03-31,580960.4023630101
Riverside,2025-04-30,595477.4515624032
Riverside,2025-05-31,595349.1634347698
Riverside,2025-06-30,594899.4161816039
Riverside,2025-07-31,595120.4186674049
Riverside,2025-08-31,590369.7128211642
Detroit,2025-03-31,232768.37455407015
Detroit,2025-04-30,249908.4042336449
Detroit,2025-05-31,264170.2628326171
Detroit,2025-06-30,274470.5137515731
Detroit,2025-07-31,271391.7501847304
Detroit,2025-08-31,266727.4058486249
Seattle,2025-03-31,724083.8260372912
Seattle,2025-04-30,759672.8178154391
Seattle,2025-05-31,775916.1078628455
Seattle,2025-06-30,762390.4459685072
Seattle,2025-07-31,750579.7734695033
Seattle,2025-08-31,741902.1089744254
Minneapolis,2025-03-31,361964.789502415
Minneapolis,2025-04-30,384424.1378760611
Minneapolis,2025-05-31,392269.4338107252
Minneapolis,2025-06-30,401855.015655102
Minneapolis,2025-07-31,400332.1068019753
Minneapolis,2025-08-31,401187.8633024292
San Diego,2025-03-31,905013.2714783158
San Diego,2025-04-30,927961.4587422226
San Diego,2025-05-31,935638.0156908293
San Diego,2025-06-30,942690.044400733
San Diego,2025-07-31,926673.796433162
San Diego,2025-08-31,910883.3399793216
Tampa,2025-03-31,358284.52125625464
Tampa,2025-04-30,361817.48580031015
Tampa,2025-05-31,369566.7682972145
Tampa,2025-06-30,373433.2230079855
Tampa,2025-07-31,366992.1233508733
Tampa,2025-08-31,360173.3486276138
Denver,2025-03-31,600827.6793264466
Denver,2025-04-30,619822.453925946
Denver,2025-05-31,621345.5474941859
Denver,2025-06-30,626538.4868580225
Denver,2025-07-31,618556.0631758977
Denver,2025-08-31,610411.7708091869
Baltimore,2025-03-31,355241.99150211096
Baltimore,2025-04-30,372114.9907682505
Baltimore,2025-05-31,393314.128556075
Baltimore,2025-06-30,397788.08546497487
Baltimore,2025-07-31,393425.6852163822
Baltimore,2025-08-31,391707.08905248746
St. Louis,2025-03-31,243485.6802485683
St. Louis,2025-04-30,254285.78692833125
St. Louis,2025-05-31,265258.61061904224
St. Louis,2025-06-30,286573.32109140715
St. Louis,2025-07-31,279526.7806146876
St. Louis,2025-08-31,273246.13102251163
Orlando,2025-03-31,395247.7583910665
Orlando,2025-04-30,399402.3210101968
Orlando,2025-05-31,402657.6173754754
Orlando,2025-06-30,409553.5754051835
Orlando,2025-07-31,402275.585050402
Orlando,2025-08-31,400285.92983514897
Charlotte,2025-03-31,385455.18370514514
Charlotte,2025-04-30,397843.153657298
Charlotte,2025-05-31,407130.9607168888
Charlotte,2025-06-30,421023.948060193
Charlotte,2025-07-31,412590.8384485684
Charlotte,2025-08-31,410661.8451912053
San Antonio,2025-03-31,313190.2548008725
San Antonio,2025-04-30,317898.1204358879
San Antonio,2025-05-31,323681.0078684235
San Antonio,2025-06-30,326829.7008735748
San Antonio,2025-07-31,331222.9178960496
San Antonio,2025-08-31,324138.8622020866
Portland,2025-03-31,512748.2501130711
Portland,2025-04-30,529545.373487345
Portland,2025-05-31,548739.4784709018
Portland,2025-06-30,558240.2230715125
Portland,2025-07-31,554288.1554437185
Portland,2025-08-31,550336.6594575415
Sacramento,2025-03-31,573469.274904876
Sacramento,2025-04-30,584073.0936555422
Sacramento,2025-05-31,599586.891587103
Sacramento,2025-06-30,600154.5716977635
Sacramento,2025-07-31,597782.1553071972
Sacramento,2025-08-31,588452.8862433985
Pittsburgh,2025-03-31,216002.78361859143
Pittsburgh,2025-04-30,223414.7680338424
Pittsburgh,2025-05-31,241250.6387200672
Pittsburgh,2025-06-30,250386.45034576167
Pittsburgh,2025-07-31,251348.7791489746
Pittsburgh,2025-08-31,247584.98721310636
Cincinnati,2025-03-31,262620.1643874685
Cincinnati,2025-04-30,274594.0709176972
Cincinnati,2025-05-31,292265.0539684162
Cincinnati,2025-06-30,292980.4821654926
Cincinnati,2025-07-31,292454.309290127
Cincinnati,2025-08-31,285177.1768607669
Austin,2025-03-31,471031.4183921627
Austin,2025-04-30,495854.5378099473
Austin,2025-05-31,506905.4505805446
Austin,2025-06-30,505193.1235955299
Austin,2025-07-31,488430.6782273768
Austin,2025-08-31,480852.097301847
Las Vegas,2025-03-31,433869.4702421591
Las Vegas,2025-04-30,443861.9182998136
Las Vegas,2025-05-31,450633.8899134737
Las Vegas,2025-06-30,451528.6489752031
Las Vegas,2025-07-31,449996.59276553744
Las Vegas,2025-08-31,442955.07361905655
Kansas City,2025-03-31,300450.36495837773
Kansas City,2025-04-30,322580.0536899676
Kansas City,2025-05-31,339460.6654000927
Kansas City,2025-06-30,349090.6365557944
Kansas City,2025-07-31,339230.7495573775
Kansas City,2025-08-31,335537.9485872729
Columbus,2025-03-31,238025.52798588903
Columbus,2025-04-30,252768.86413467847
Columbus,2025-05-31,262612.9250253797
Columbus,2025-06-30,267732.11849621346
Columbus,2025-07-31,265373.44711248355
Columbus,2025-08-31,253853.63041026288
Indianapolis,2025-03-31,279361.6716272564
Indianapolis,2025-04-30,289990.7404966825
Indianapolis,2025-05-31,302208.6650117093
Indianapolis,2025-06-30,309701.7821924837
Indianapolis,2025-07-31,303853.5406847322
Indianapolis,2025-08-31,302257.9675204944
Cleveland,2025-03-31,233494.52933336244
Cleveland,2025-04-30,244607.30261388555
Cleveland,2025-05-31,257561.45203099708
Cleveland,2025-06-30,266423.3142284655
Cleveland,2025-07-31,257625.36463604696
Cleveland,2025-08-31,252521.9868978804
San Jose,2025-03-31,1629078.4101423463
San Jose,2025-04-30,1701551.0591184443
San Jose,2025-05-31,1694176.2809374183
San Jose,2025-06-30,1676151.799789681
San Jose,2025-07-31,1617686.90950446
San Jose,2025-08-31,1611902.147171069
Nashville,2025-03-31,442400.92883026
Nashville,2025-04-30,456919.9711074054
Nashville,2025-05-31,471545.098310546
Nashville,2025-06-30,476663.7758314586
Nashville,2025-07-31,462481.0375904016
Nashville,2025-08-31,456292.9283401864
Virginia Beach,2025-03-31,331835.88815958274
Virginia Beach,2025-04-30,343158.0997790703
Virginia Beach,2025-05-31,355907.3614944793
Virginia Beach,2025-06-30,363121.4918989558
Virginia Beach,2025-07-31,356464.42032934143
Virginia Beach,2025-08-31,349086.45405862934
Providence,2025-03-31,449294.9662646561
Providence,2025-04-30,467881.2997276244
Providence,2025-05-31,478086.3183928388
Providence,2025-06-30,500917.9072009893
Providence,2025-07-31,495793.9475260687
Providence,2025-08-31,491763.9136247694
Jacksonville,2025-03-31,309108.7234217212
Jacksonville,2025-04-30,316418.08199490525
Jacksonville,2025-05-31,327278.0796726489
Jacksonville,2025-06-30,332840.2672276403
Jacksonville,2025-07-31,324322.4090770104
Jacksonville,2025-08-31,320328.99883344333
Milwaukee,2025-03-31,299821.6931489209
Milwaukee,2025-04-30,316863.5239293451
Milwaukee,2025-05-31,334679.527179072
Milwaukee,2025-06-30,345536.0363850935
Milwaukee,2025-07-31,351603.5356986701
Milwaukee,2025-08-31,333195.72090872505
Oklahoma City,2025-03-31,240431.66008000565
Oklahoma City,2025-04-30,247588.90536881288
Oklahoma City,2025-05-31,253888.8299215066
Oklahoma City,2025-06-30,260831.37430069732
Oklahoma City,2025-07-31,257513.642724458
Oklahoma City,2025-08-31,255402.66584538048
Raleigh,2025-03-31,436531.535170047
Raleigh,2025-04-30,462445.86257926334
Raleigh,2025-05-31,465417.8008299237
Raleigh,2025-06-30,474860.7206084712
Raleigh,2025-07-31,469645.9863655113
Raleigh,2025-08-31,461140.4933159657
Memphis,2025-03-31,236883.195783388
Memphis,2025-04-30,240315.4777016994
Memphis,2025-05-31,259591.63064248324
Memphis,2025-06-30,259580.2827280969
Memphis,2025-07-31,258931.52763343084
Memphis,2025-08-31,248902.82868375024
Richmond,2025-03-31,369839.3314976587
Richmond,2025-04-30,379095.72503634944
Richmond,2025-05-31,395333.7171570448
Richmond,2025-06-30,404071.962267516
Richmond,2025-07-31,405100.35963884194
Richmond,2025-08-31,387274.60288162704
Louisville,2025-03-31,253170.3717475803
Louisville,2025-04-30,263338.5598246036
Louisville,2025-05-31,273736.74906046654
Louisville,2025-06-30,279765.6639012124
Louisville,2025-07-31,276556.67793847533
Louisville,2025-08-31,268674.9265516397
New Orleans,2025-03-31,266646.53338593617
New Orleans,2025-04-30,280052.9621070561
New Orleans,2025-05-31,290497.38894634164
New Orleans,2025-06-30,300185.39693163184
New Orleans,2025-07-31,283737.2851327418
New Orleans,2025-08-31,275909.2097862744
Salt Lake City,2025-03-31,532632.3061738247
Salt Lake City,2025-04-30,545952.6748493104
Salt Lake City,2025-05-31,555728.9213313829
Salt Lake City,2025-06-30,550852.2246235261
Salt Lake City,2025-07-31,559346.931647926
Salt Lake City,2025-08-31,545972.5634615315
Hartford,2025-03-31,342982.1306098762
Hartford,2025-04-30,356945.4254775087
Hartford,2025-05-31,370526.564299076
Hartford,2025-06-30,393463.7796558247
Hartford,2025-07-31,385984.4288050767
Hartford,2025-08-31,385369.0316200804
Buffalo,2025-03-31,234844.124808386
Buffalo,2025-04-30,243867.1915635944
Buffalo,2025-05-31,263383.55957199354
Buffalo,2025-06-30,275295.8285100003
Buffalo,2025-07-31,291574.93329372536
Buffalo,2025-08-31,291473.7476169403
Birmingham,2025-03-31,236683.7767323276
Birmingham,2025-04-30,245120.89382727572
Birmingham,2025-05-31,268037.6966919134
Birmingham,2025-06-30,263190.99082477955
Birmingham,2025-07-31,251879.7596395652
Birmingham,2025-08-31,238931.6036009971
Rochester,2025-03-31,267066.19853726425
Rochester,2025-04-30,283126.9225134937
Rochester,2025-05-31,292135.4704239856
Rochester,2025-06-30,302118.70704577427
Rochester,2025-07-31,296385.2501421926
Rochester,2025-08-31,293373.3303357558
Grand Rapids,2025-03-31,323236.79038365046
Grand Rapids,2025-04-30,343434.05956110323
Grand Rapids,2025-05-31,344408.75207314646
Grand Rapids,2025-06-30,350027.7248516198
Grand Rapids,2025-07-31,349541.2385117332
Grand Rapids,2025-08-31,345627.8615203399
Tucson,2025-03-31,347479.939160966
Tucson,2025-04-30,358309.9736485325
Tucson,2025-05-31,359732.8676479536
Tucson,2025-06-30,360639.47685790336
Tucson,2025-07-31,357290.8706654694
Tucson,2025-08-31,352279.29114705813
Urban Honolulu,2025-03-31,698384.5124024546
Urban Honolulu,2025-04-30,716759.4306404573
Urban Honolulu,2025-05-31,674937.5841821902
Urban Honolulu,2025-06-30,763994.8771686514
Urban Honolulu,2025-07-31,725050.3754180808
Urban Honolulu,2025-08-31,727503.398828498
Tulsa,2025-03-31,247948.29869434805
Tulsa,2025-04-30,250656.64669404
Tulsa,2025-05-31,260120.8499214044
Tulsa,2025-06-30,269622.36254365457
Tulsa,2025-07-31,265545.15131077863
Tulsa,2025-08-31,265108.9216914319
Fresno,2025-03-31,400662.01535149233
Fresno,2025-04-30,402593.0556708999
Fresno,2025-05-31,406140.00643514463
Fresno,2025-06-30,421767.0256321688
Fresno,2025-07-31,416486.2972920304
Fresno,2025-08-31,409738.2838733322
Worcester,2025-03-31,417820.4232622008
Worcester,2025-04-30,447611.1115896932
Worcester,2025-05-31,465006.79937676806
Worcester,2025-06-30,491193.6624963292
Worcester,2025-07-31,481826.59612441785
Worcester,2025-08-31,480332.1651144493
Omaha,2025-03-31,280928.33929197805
Omaha,2025-04-30,295254.72448597423
Omaha,2025-05-31,309919.17404612806
Omaha,2025-06-30,312213.40934425127
Omaha,2025-07-31,307857.4904166876
Omaha,2025-08-31,303560.2446018464
Bridgeport,2025-03-31,590343.0384528053
Bridgeport,2025-04-30,653386.6537372611
Bridgeport,2025-05-31,656454.0987917092
Bridgeport,2025-06-30,767761.3878694343
Bridgeport,2025-07-31,713619.2811413598
Bridgeport,2025-08-31,733244.7802600964
Greenville,2025-03-31,263948.4572342315
Greenville,2025-04-30,266095.8610151023
Greenville,2025-05-31,283318.9974379622
Greenville,2025-06-30,295317.86141198035
Greenville,2025-07-31,294068.45477081795
Greenville,2025-08-31,286507.83714501647
Albuquerque,2025-03-31,352019.535290813
Albuquerque,2025-04-30,362835.9616124837
Albuquerque,2025-05-31,375833.2055821964
Albuquerque,2025-06-30,373712.0451343912
Albuquerque,2025-07-31,376452.2639620071
Albuquerque,2025-08-31,372023.294614381
Bakersfield,2025-03-31,343999.0636690445
Bakersfield,2025-04-30,360081.9650451064
Bakersfield,2025-05-31,368284.78386625735
Bakersfield,2025-06-30,363285.8600229483
Bakersfield,2025-07-31,369061.41865001625
Bakersfield,2025-08-31,366079.12879767
Albany,2025-03-31,301846.47543104755
Albany,2025-04-30,307629.5498938352
Albany,2025-05-31,335066.4289433574
Albany,2025-06-30,344307.9911668105
Albany,2025-07-31,346681.14600587706
Albany,2025-08-31,341739.15302957897
Knoxville,2025-03-31,349773.71921767946
Knoxville,2025-04-30,352910.507077977
Knoxville,2025-05-31,368218.6091249251
Knoxville,2025-06-30,375338.7287286619
Knoxville,2025-07-31,366491.28669246216
Knoxville,2025-08-31,362468.40182831575
Baton Rouge,2025-03-31,241834.37586988552
Baton Rouge,2025-04-30,251239.47359978748
Baton Rouge,2025-05-31,256214.85905360288
Baton Rouge,2025-06-30,261350.32702239952
Baton Rouge,2025-07-31,259809.56099364252
Baton Rouge,2025-08-31,252774.27395039125
McAllen,2025-03-31,207721.6548309374
McAllen,2025-04-30,208962.33020351917
McAllen,2025-05-31,229663.60464492984
McAllen,2025-06-30,230125.75583869856
McAllen,2025-07-31,227975.0449438601
McAllen,2025-08-31,223642.11449350129
New Haven,2025-03-31,349948.7894747923
New Haven,2025-04-30,361761.0800658325
New Haven,2025-05-31,371237.9059623921
New Haven,2025-06-30,388184.7166356717
New Haven,2025-07-31,388871.3750258856
New Haven,2025-08-31,389161.6821773037
El Paso,2025-03-31,237851.43641003096
El Paso,2025-04-30,247322.7085064412
El Paso,2025-05-31,252063.45821403948
El Paso,2025-06-30,251678.35006448295
El Paso,2025-07-31,256461.0370040939
El Paso,2025-08-31,247415.9343128546
Allentown,2025-03-31,318755.8537778841
Allentown,2025-04-30,321113.7800087794
Allentown,2025-05-31,332071.79194908653
Allentown,2025-06-30,352274.92706637795
Allentown,2025-07-31,344486.25584652444
Allentown,2025-08-31,348202.1510039933
Oxnard,2025-03-31,865725.0304424536
Oxnard,2025-04-30,894561.0452083995
Oxnard,2025-05-31,887855.073542215
Oxnard,2025-06-30,907083.6771111964
Oxnard,2025-07-31,900422.3335543297
Oxnard,2025-08-31,911929.327395478
Columbia,2025-03-31,274941.87253854604
Columbia,2025-04-30,285913.3180282557
Columbia,2025-05-31,287529.80822761595
Columbia,2025-06-30,297278.760854152
Columbia,2025-07-31,297750.9512805801
Columbia,2025-08-31,287878.88389666297
North Port,2025-03-31,436489.26920636767
North Port,2025-04-30,459137.0677736818
North Port,2025-05-31,452769.2195584247
North Port,2025-06-30,456026.46898494905
North Port,2025-07-31,426309.2134709556
North Port,2025-08-31,426337.8283660429
Dayton,2025-03-31,201287.91478736576
Dayton,2025-04-30,205819.27429199743
Dayton,2025-05-31,224406.3460117826
Dayton,2025-06-30,232243.3784571318
Dayton,2025-07-31,222061.9310553053
Dayton,2025-08-31,222191.8775055933
Charleston,2025-03-31,307407.68768234755
Charleston,2025-04-30,316667.8353696663
Charleston,2025-05-31,326297.9221572964
Charleston,2025-06-30,325332.03762477083
Charleston,2025-07-31,322180.70848105696
Charleston,2025-08-31,320720.00156442693
Greensboro,2025-03-31,235415.2224016536
Greensboro,2025-04-30,246867.40478606347
Greensboro,2025-05-31,258571.30019036515
Greensboro,2025-06-30,264190.0221363895
Greensboro,2025-07-31,256864.86707340291
Greensboro,2025-08-31,248807.8365027014
Stockton,2025-03-31,505743.6867708975
Stockton,2025-04-30,514887.2336872334
Stockton,2025-05-31,527721.9758078816
Stockton,2025-06-30,525422.5674353761
Stockton,2025-07-31,514449.57110917335
Stockton,2025-08-31,519563.1317936591
Cape Coral,2025-03-31,340936.02951701137
Cape Coral,2025-04-30,353090.1970220319
Cape Coral,2025-05-31,347714.96515168564
Cape Coral,2025-06-30,346408.7400817541
Cape Coral,2025-07-31,339063.1978189306
Cape Coral,2025-08-31,347807.8743452924
Boise City,2025-03-31,482359.8786573936
Boise City,2025-04-30,489946.2045078742
Boise City,2025-05-31,508395.8793951445
Boise City,2025-06-30,527829.9559001826
Boise City,2025-07-31,504758.3442772301
Boise City,2025-08-31,489518.9104987824
Colorado Springs,2025-03-31,450957.7651556359
Colorado Springs,2025-04-30,471481.7042921408
Colorado Springs,2025-05-31,474973.5658660846
Colorado Springs,2025-06-30,486497.9909612116
Colorado Springs,2025-07-31,482263.843125485
Colorado Springs,2025-08-31,467942.1306840325
Little Rock,2025-03-31,231535.1113569261
Little Rock,2025-04-30,234541.3876917277
Little Rock,2025-05-31,247251.11733486215
Little Rock,2025-06-30,249628.7180418186
Little Rock,2025-07-31,243761.91808627636
Little Rock,2025-08-31,248671.8986623097
Lakeland,2025-03-31,298800.5414421752
Lakeland,2025-04-30,304632.5060148584
Lakeland,2025-05-31,310353.3106747878
Lakeland,2025-06-30,313726.13941591245
Lakeland,2025-07-31,305133.5434224084
Lakeland,2025-08-31,311345.29524331907
Akron,2025-03-31,181755.0328626017
Akron,2025-04-30,189884.20645394712
Akron,2025-05-31,204556.91328721432
Akron,2025-06-30,210562.34491512223
Akron,2025-07-31,213138.99335728268
Akron,2025-08-31,213424.00365484145
Des Moines,2025-03-31,268002.0550834851
Des Moines,2025-04-30,276936.530756498
Des Moines,2025-05-31,288745.73314293154
Des Moines,2025-06-30,296960.4148194027
Des Moines,2025-07-31,293195.5891989692
Des Moines,2025-08-31,288698.153450153
Springfield,2025-03-31,224886.733727794
Springfield,2025-04-30,232298.03882061967
Springfield,2025-05-31,238885.8717688076
Springfield,2025-06-30,249297.27667331605
Springfield,2025-07-31,247257.04660593736
Springfield,2025-08-31,249930.9495438393
Poughkeepsie,2025-03-31,439825.8342706239
Poughkeepsie,2025-04-30,465534.4633403969
Poughkeepsie,2025-05-31,472678.48103922326
Poughkeepsie,2025-06-30,481143.36817298055
Poughkeepsie,2025-07-31,507258.2405401217
Poughkeepsie,2025-08-31,503611.66526681866
Ogden,2025-03-31,470454.889416852
Ogden,2025-04-30,485436.2178606734
Ogden,2025-05-31,497225.1142699274
Ogden,2025-06-30,494591.7846777886
Ogden,2025-07-31,493958.01302763546
Ogden,2025-08-31,491817.7200870931
Madison,2025-03-31,400914.75772060506
Madison,2025-04-30,420961.2594154337
Madison,2025-05-31,425002.0769506078
Madison,2025-06-30,439543.9196774704
Madison,2025-07-31,440929.0509261555
Madison,2025-08-31,433159.305042729
Winston,2025-03-31,255361.20043324123
Winston,2025-04-30,263496.060809438
Winston,2025-05-31,274037.9621759443
Winston,2025-06-30,282363.9101691823
Winston,2025-07-31,284524.0492729588
Winston,2025-08-31,278617.0724285509
Deltona,2025-03-31,338848.0915178786
Deltona,2025-04-30,343910.09002406546
Deltona,2025-05-31,346309.93216845003
Deltona,2025-06-30,348478.5312620784
Deltona,2025-07-31,343691.9799545999
Deltona,2025-08-31,345239.75965806504
Syracuse,2025-03-31,213259.6105600041
Syracuse,2025-04-30,230394.16185734732
Syracuse,2025-05-31,246030.1585884148
Syracuse,2025-06-30,259286.02114670136
Syracuse,2025-07-31,267269.7678605516
Syracuse,2025-08-31,270197.2437343703
Provo,2025-03-31,513911.5533228205
Provo,2025-04-30,522433.40283710026
Provo,2025-05-31,541447.8972524083
Provo,2025-06-30,537703.6897337866
Provo,2025-07-31,533629.2989940436
Provo,2025-08-31,532524.5906025514
Toledo,2025-03-31,161427.85173715206
Toledo,2025-04-30,176536.8697349937
Toledo,2025-05-31,176989.75589205616
Toledo,2025-06-30,186860.82789364792
Toledo,2025-07-31,192922.9407153025
Toledo,2025-08-31,193262.48683765056
Wichita,2025-03-31,226416.60581104853
Wichita,2025-04-30,230278.6471099519
Wichita,2025-05-31,243867.17587274525
Wichita,2025-06-30,254214.19663043157
Wichita,2025-07-31,252907.7582168483
Wichita,2025-08-31,249845.428498787
Durham,2025-03-31,429326.0923507335
Durham,2025-04-30,441078.3652027325
Durham,2025-05-31,456723.69151680014
Durham,2025-06-30,468008.2259568375
Durham,2025-07-31,455762.70924100553
Durham,2025-08-31,434132.7835773375
Augusta,2025-03-31,232685.2852977639
Augusta,2025-04-30,247729.23329031025
Augusta,2025-05-31,259412.8003988812
Augusta,2025-06-30,260853.89942851212
Augusta,2025-07-31,258796.6586412731
Augusta,2025-08-31,249590.4129363359
Palm Bay,2025-03-31,332303.0338580168
Palm Bay,2025-04-30,349333.64536902285
Palm Bay,2025-05-31,351333.98749554576
Palm Bay,2025-06-30,347538.02644087834
Palm Bay,2025-07-31,349685.0943083604
Palm Bay,2025-08-31,349657.7718958484
Jackson,2025-03-31,208846.6131404029
Jackson,2025-04-30,218511.90150189647
Jackson,2025-05-31,227139.8002675062
Jackson,2025-06-30,226615.45585523092
Jackson,2025-07-31,231133.28688555572
Jackson,2025-08-31,219958.9350307396
Harrisburg,2025-03-31,250310.91291141143
Harrisburg,2025-04-30,262651.0397523004
Harrisburg,2025-05-31,283894.4481357159
Harrisburg,2025-06-30,292448.6911898168
Harrisburg,2025-07-31,284248.68380819954
Harrisburg,2025-08-31,294853.57594074064
Spokane,2025-03-31,408489.9578446671
Spokane,2025-04-30,419609.0072997824
Spokane,2025-05-31,440796.7283823109
Spokane,2025-06-30,441295.0760796276
Spokane,2025-07-31,429287.3249102193
Spokane,2025-08-31,424812.41820151336
Scranton,2025-03-31,191690.56801571697
Scranton,2025-04-30,193796.59734108977
Scranton,2025-05-31,201965.22826520097
Scranton,2025-06-30,214254.2512459422
Scranton,2025-07-31,210444.5742610487
Scranton,2025-08-31,211135.8892545015
Chattanooga,2025-03-31,306662.7368148586
Chattanooga,2025-04-30,308921.2198082571
Chattanooga,2025-05-31,317342.090722218
Chattanooga,2025-06-30,328088.1905492381
Chattanooga,2025-07-31,317865.1238850867
Chattanooga,2025-08-31,318194.2662946866
Modesto,2025-03-31,456096.9058587416
Modesto,2025-04-30,475094.31300260784
Modesto,2025-05-31,475356.8246525876
Modesto,2025-06-30,472588.4813942852
Modesto,2025-07-31,472488.3671085868
Modesto,2025-08-31,463996.8314285103
Lancaster,2025-03-31,331642.26822538883
Lancaster,2025-04-30,333579.1598114196
Lancaster,2025-05-31,341230.3241809085
Lancaster,2025-06-30,357315.6239493065
Lancaster,2025-07-31,362843.25726367766
Lancaster,2025-08-31,360212.8416987613
Youngstown,2025-03-31,153421.7494089422
Youngstown,2025-04-30,154000.74707913172
Youngstown,2025-05-31,165511.04196545057
Youngstown,2025-06-30,175903.17544127337
Youngstown,2025-07-31,170630.7827810527
Youngstown,2025-08-31,165998.9093338597
Lansing,2025-03-31,202477.58332420723
Lansing,2025-04-30,213095.75964187304
Lansing,2025-05-31,233662.43667084887
Lansing,2025-06-30,236892.8516052485
Lansing,2025-07-31,230133.4835343472
Lansing,2025-08-31,226690.9233665751
Fayetteville,2025-03-31,303538.7922742141
Fayetteville,2025-04-30,307978.20810076647
Fayetteville,2025-05-31,325803.72668685747
Fayetteville,2025-06-30,332762.92653212155
Fayetteville,2025-07-31,318146.3962838367
Fayetteville,2025-08-31,318624.9575435462
Lexington,2025-03-31,306698.328803072
Lexington,2025-04-30,310526.211775729
Lexington,2025-05-31,321510.15675110504
Lexington,2025-06-30,338292.159260003
Lexington,2025-07-31,332484.6627049875
Lexington,2025-08-31,332785.7312793347
Pensacola,2025-03-31,310833.1175585592
Pensacola,2025-04-30,316294.66139150684
Pensacola,2025-05-31,327673.6759537839
Pensacola,2025-06-30,337668.3300957508
Pensacola,2025-07-31,324609.9292818846
Pensacola,2025-08-31,323821.61536602455
Santa Rosa,2025-03-31,787180.2358126588
Santa Rosa,2025-04-30,803386.9963734924
Santa Rosa,2025-05-31,807856.020446526
Santa Rosa,2025-06-30,817416.6322993471
Santa Rosa,2025-07-31,809777.7713868902
Santa Rosa,2025-08-31,790688.4911564784
Reno,2025-03-31,550530.6251077078
Reno,2025-04-30,547331.2188118965
Reno,2025-05-31,569488.2451861142
Reno,2025-06-30,573512.2566498504
Reno,2025-07-31,574305.199825161
Reno,2025-08-31,574598.325785572
Huntsville,2025-03-31,295868.14604458795
Huntsville,2025-04-30,294170.20979647816
Huntsville,2025-05-31,307404.5659732287
Huntsville,2025-06-30,318190.0336212287
Huntsville,2025-07-31,311811.98832757823
Huntsville,2025-08-31,300832.1531280511
Port St. Lucie,2025-03-31,380464.1797384815
Port St. Lucie,2025-04-30,390151.02783398086
Port St. Lucie,2025-05-31,402946.7309485862
Port St. Lucie,2025-06-30,404142.4402035706
Port St. Lucie,2025-07-31,392179.1199010739
Port St. Lucie,2025-08-31,397138.296493678
Lafayette,2025-03-31,249333.930681568
Lafayette,2025-04-30,240793.91610649103
Lafayette,2025-05-31,259937.84763533724
Lafayette,2025-06-30,254839.9163345471
Lafayette,2025-07-31,258933.68946606648
Lafayette,2025-08-31,249487.65973920943
Myrtle Beach,2025-03-31,314526.9318317494
Myrtle Beach,2025-04-30,328328.0372682662
Myrtle Beach,2025-05-31,338322.1640438102
Myrtle Beach,2025-06-30,340389.83398155647
Myrtle Beach,2025-07-31,332282.1279268796
Myrtle Beach,2025-08-31,329949.280524412
Visalia,2025-03-31,367089.525721433
Visalia,2025-04-30,369194.6446053821
Visalia,2025-05-31,377123.6906313078
Visalia,2025-06-30,376452.6812833022
Visalia,2025-07-31,383751.4933119551
Visalia,2025-08-31,388491.4628248727
Killeen,2025-03-31,246280.46125370637
Killeen,2025-04-30,251983.9278448433
Killeen,2025-05-31,268727.8692412703
Killeen,2025-06-30,272377.18414295046
Killeen,2025-07-31,266783.76084014494
Killeen,2025-08-31,258383.3596239063
Asheville,2025-03-31,420337.34408477286
Asheville,2025-04-30,431718.1321380485
Asheville,2025-05-31,456399.3722925845
Asheville,2025-06-30,468975.3345768626
Asheville,2025-07-31,445289.9370778204
Asheville,2025-08-31,451153.2865278912
York,2025-03-31,250230.8745413784
York,2025-04-30,267746.2618785843
York,2025-05-31,276737.0062718776
York,2025-06-30,283832.6587714515
York,2025-07-31,278098.62764537847
York,2025-08-31,278042.3252193868
Vallejo,2025-03-31,566055.7491221235
Vallejo,2025-04-30,580710.9842991411
Vallejo,2025-05-31,581241.053931493
Vallejo,2025-06-30,586486.0837205669
Vallejo,2025-07-31,576064.7423310971
Vallejo,2025-08-31,573708.2351721809
Santa Maria,2025-03-31,928005.9062791532
Santa Maria,2025-04-30,972724.5044163996
Santa Maria,2025-05-31,948408.0638596584
Santa Maria,2025-06-30,1002978.3138338516
Santa Maria,2025-07-31,865741.3212915298
Santa Maria,2025-08-31,915541.1632550622
Salinas,2025-03-31,893048.2164999828
Salinas,2025-04-30,908265.6963046195
Salinas,2025-05-31,930145.5568578386
Salinas,2025-06-30,927465.2057518688
Salinas,2025-07-31,938687.5405181276
Salinas,2025-08-31,890282.8062395136
Salem,2025-03-31,433422.7784121785
Salem,2025-04-30,443005.4269962661
Salem,2025-05-31,455998.9675060023
Salem,2025-06-30,450197.1119088731
Salem,2025-07-31,457313.8808978607
Salem,2025-08-31,450245.5821400267
Mobile,2025-03-31,198404.2690007244
Mobile,2025-04-30,211724.06709989053
Mobile,2025-05-31,213082.5558711354
Mobile,2025-06-30,208406.149567986
Mobile,2025-07-31,209555.9638996076
Mobile,2025-08-31,210414.9895698248
Reading,2025-03-31,250735.3742364498
Reading,2025-04-30,261670.00344677505
Reading,2025-05-31,280108.51875343325
Reading,2025-06-30,292513.61862136784
Reading,2025-07-31,285794.2449531414
Reading,2025-08-31,290385.2959753957
Corpus Christi,2025-03-31,254480.59414371295
Corpus Christi,2025-04-30,266714.516444534
Corpus Christi,2025-05-31,274824.5627865226
Corpus Christi,2025-06-30,275271.18085238617
Corpus Christi,2025-07-31,272182.6215413206
Corpus Christi,2025-08-31,272324.2557143512
Manchester,2025-03-31,486594.3178107011
Manchester,2025-04-30,496561.6322242816
Manchester,2025-05-31,528613.0976143611
Manchester,2025-06-30,530867.4459660677
Manchester,2025-07-31,532765.1114883394
Manchester,2025-08-31,530009.0876048406
Fort Wayne,2025-03-31,238461.2439395088
Fort Wayne,2025-04-30,246229.5692059757
Fort Wayne,2025-05-31,251737.398319595
Fort Wayne,2025-06-30,261243.4455518596
Fort Wayne,2025-07-31,259633.44771883904
Fort Wayne,2025-08-31,260088.8827994521
Gulfport,2025-03-31,225805.5232127458
Gulfport,2025-04-30,231691.42103058228
Gulfport,2025-05-31,241382.57254021076
Gulfport,2025-06-30,251738.50212710805
Gulfport,2025-07-31,244402.57200482316
Gulfport,2025-08-31,241831.608317739
Salisbury,2025-03-31,395106.6846504296
Salisbury,2025-04-30,414401.1965618599
Salisbury,2025-05-31,416897.1437915408
Salisbury,2025-06-30,417939.00514826
Salisbury,2025-07-31,409002.56442935904
Salisbury,2025-08-31,407436.0697264859
Flint,2025-03-31,178254.62359981722
Flint,2025-04-30,198801.86143344812
Flint,2025-05-31,201543.6582477792
Flint,2025-06-30,204981.3812732696
Flint,2025-07-31,194166.50897151156
Flint,2025-08-31,202181.13081459128
Peoria,2025-03-31,141631.93526151637
Peoria,2025-04-30,141556.43810837952
Peoria,2025-05-31,159666.27059014566
Peoria,2025-06-30,166201.887020677
Peoria,2025-07-31,165613.04154767413
Peoria,2025-08-31,161646.41830786745
Canton,2025-03-31,173644.41022790025
Canton,2025-04-30,175109.5842653364
Canton,2025-05-31,180458.4448425621
Canton,2025-06-30,185837.0632742291
Canton,2025-07-31,190493.1594103312
Canton,2025-08-31,190205.25529606952
Savannah,2025-03-31,356940.2890919108
Savannah,2025-04-30,370715.8014871888
Savannah,2025-05-31,373908.4748154415
Savannah,2025-06-30,379863.8544825055
Savannah,2025-07-31,369948.008940977
Savannah,2025-08-31,362722.222795072
Beaumont,2025-03-31,206509.19324000168
Beaumont,2025-04-30,212492.0172489712
Beaumont,2025-05-31,211696.40484347224
Beaumont,2025-06-30,212957.33635854247
Beaumont,2025-07-31,226120.41339223625
Beaumont,2025-08-31,220781.58235403048
Shreveport,2025-03-31,194898.53400299503
Shreveport,2025-04-30,198127.48462660832
Shreveport,2025-05-31,216215.24202748685
Shreveport,2025-06-30,207716.220369386
Shreveport,2025-07-31,210965.54268970483
Shreveport,2025-08-31,197607.1302891285
Trenton,2025-03-31,354207.84879358136
Trenton,2025-04-30,381267.07251172944
Trenton,2025-05-31,419046.9700180675
Trenton,2025-06-30,465444.39179944486
Trenton,2025-07-31,437838.2738624407
Trenton,2025-08-31,442049.5567400714
Montgomery,2025-03-31,210825.272174828
Montgomery,2025-04-30,205948.14298518567
Montgomery,2025-05-31,229509.6326988815
Montgomery,2025-06-30,231151.04930800837
Montgomery,2025-07-31,230225.273583902
Montgomery,2025-08-31,217168.9328187645
Davenport,2025-03-31,174253.68168948175
Davenport,2025-04-30,178952.64647710643
Davenport,2025-05-31,180405.7206834336
Davenport,2025-06-30,197486.6288999877
Davenport,2025-07-31,201187.07442932928
Davenport,2025-08-31,196413.1570163212
Tallahassee,2025-03-31,270535.6116960486
Tallahassee,2025-04-30,281304.2491892339
Tallahassee,2025-05-31,278941.1451262526
Tallahassee,2025-06-30,284107.0412817742
Tallahassee,2025-07-31,293798.99925546057
Tallahassee,2025-08-31,274926.91887326166
Eugene,2025-03-31,449754.2074770557
Eugene,2025-04-30,479688.9460389424
Eugene,2025-05-31,470450.9941209653
Eugene,2025-06-30,476393.0288331087
Eugene,2025-07-31,487876.43380412256
Eugene,2025-08-31,474122.2910021103
Naples,2025-03-31,637649.9297693124
Naples,2025-04-30,620103.9754092526
Naples,2025-05-31,642284.4719793431
Naples,2025-06-30,595023.1665648794
Naples,2025-07-31,579031.5214408669
Naples,2025-08-31,587650.0832760351
Ann Arbor,2025-03-31,385354.795158434
Ann Arbor,2025-04-30,401017.9493066088
Ann Arbor,2025-05-31,432260.5619320264
Ann Arbor,2025-06-30,422086.2156927418
Ann Arbor,2025-07-31,426988.6252466281
Ann Arbor,2025-08-31,402729.82764627633
Ocala,2025-03-31,263003.0734547622
Ocala,2025-04-30,265434.79759646056
Ocala,2025-05-31,272271.77949887706
Ocala,2025-06-30,273408.07732441206
Ocala,2025-07-31,270678.0307815128
Ocala,2025-08-31,267413.65512021753
Hickory,2025-03-31,249401.73467997057
Hickory,2025-04-30,254206.79390995397
Hickory,2025-05-31,261942.4045337943
Hickory,2025-06-30,258208.33562402453
Hickory,2025-07-31,264868.92382524005
Hickory,2025-08-31,264882.48104606033
Huntington,2025-03-31,166348.99124502615
Huntington,2025-04-30,175901.68621166033
Huntington,2025-05-31,182059.7794845273
Huntington,2025-06-30,197404.3474754456
Huntington,2025-07-31,191362.3169386911
Huntington,2025-08-31,181827.6597715045
Fort Collins,2025-03-31,565788.5830380113
Fort Collins,2025-04-30,574116.9689517497
Fort Collins,2025-05-31,585061.8997037128
Fort Collins,2025-06-30,586045.7696792858
Fort Collins,2025-07-31,568835.8375357768
Fort Collins,2025-08-31,559094.7694295978
Rockford,2025-03-31,182858.1282614842
Rockford,2025-04-30,184898.28852410227
Rockford,2025-05-31,188323.50944855943
Rockford,2025-06-30,203559.60167179484
Rockford,2025-07-31,204901.4820335764
Rockford,2025-08-31,195938.8306261857
Lincoln,2025-03-31,278049.5440544103
Lincoln,2025-04-30,279375.9467538404
Lincoln,2025-05-31,287095.04018267285
Lincoln,2025-06-30,300067.4114212643
Lincoln,2025-07-31,297163.20272927167
Lincoln,2025-08-31,290074.5095756905
Gainesville,2025-03-31,333334.57821110485
Gainesville,2025-04-30,367559.6099800355
Gainesville,2025-05-31,361166.2678069315
Gainesville,2025-06-30,365687.70779616473
Gainesville,2025-07-31,355742.2996923247
Gainesville,2025-08-31,354608.013922281
Boulder,2025-03-31,727129.7939556428
Boulder,2025-04-30,785754.1712529288
Boulder,2025-05-31,782971.5034658655
Boulder,2025-06-30,771269.3305798686
Boulder,2025-07-31,765317.3472140715
Boulder,2025-08-31,718556.8101666502
Green Bay,2025-03-31,303060.99509122764
Green Bay,2025-04-30,306757.2815649256
Green Bay,2025-05-31,298803.482992896
Green Bay,2025-06-30,327192.96481227747
Green Bay,2025-07-31,322444.0909152701
Green Bay,2025-08-31,322136.3613016858
South Bend,2025-03-31,189825.5882172942
South Bend,2025-04-30,205679.59417742063
South Bend,2025-05-31,211135.056798969
South Bend,2025-06-30,219087.91586758324
South Bend,2025-07-31,225357.22498861668
South Bend,2025-08-31,224833.81703344837
Spartanburg,2025-03-31,260787.0452634924
Spartanburg,2025-04-30,268563.3489449587
Spartanburg,2025-05-31,267779.92401563696
Spartanburg,2025-06-30,286023.4720413792
Spartanburg,2025-07-31,281381.81752708
Spartanburg,2025-08-31,272177.70446905313
Greeley,2025-03-31,493470.69649424095
Greeley,2025-04-30,515924.8561653887
Greeley,2025-05-31,518507.04410637263
Greeley,2025-06-30,517584.2386709105
Greeley,2025-07-31,511557.58081591286
Greeley,2025-08-31,513991.4556886144
Lubbock,2025-03-31,233141.71023954023
Lubbock,2025-04-30,224017.5329184393
Lubbock,2025-05-31,237457.7213853461
Lubbock,2025-06-30,232944.10295294644
Lubbock,2025-07-31,231323.22095685903
Lubbock,2025-08-31,229459.3028838184
Clarksville,2025-03-31,284618.4647477273
Clarksville,2025-04-30,287255.79205513856
Clarksville,2025-05-31,299975.4345896274
Clarksville,2025-06-30,311728.6812787021
Clarksville,2025-07-31,299961.9927222327
Clarksville,2025-08-31,291916.8585353809
Roanoke,2025-03-31,272665.9035576478
Roanoke,2025-04-30,278080.691141668
Roanoke,2025-05-31,296865.4775575412
Roanoke,2025-06-30,314547.3314589961
Roanoke,2025-07-31,300019.6322440934
Roanoke,2025-08-31,289384.3435026062
Evansville,2025-03-31,208595.6664087261
Evansville,2025-04-30,212777.31303586147
Evansville,2025-05-31,214928.8869493287
Evansville,2025-06-30,228510.4185723349
Evansville,2025-07-31,224369.31141130973
Evansville,2025-08-31,222654.5989652365
Kingsport,2025-03-31,226567.4766712165
Kingsport,2025-04-30,227474.16292313795
Kingsport,2025-05-31,251723.44892155804
Kingsport,2025-06-30,250472.06018943927
Kingsport,2025-07-31,250143.76142269705
Kingsport,2025-08-31,240284.79348289303
Utica,2025-03-31,192075.5847391608
Utica,2025-04-30,202862.76596034144
Utica,2025-05-31,208056.4386692952
Utica,2025-06-30,213350.83393273692
Utica,2025-07-31,218033.13650820148
Utica,2025-08-31,228915.22804776143
Hagerstown,2025-03-31,299694.37768589443
Hagerstown,2025-04-30,308905.90845990216
Hagerstown,2025-05-31,309977.78060564166
Hagerstown,2025-06-30,316785.8234184285
Hagerstown,2025-07-31,314927.5158020123
Hagerstown,2025-08-31,319339.7078068837
Duluth,2025-03-31,223258.63927594788
Duluth,2025-04-30,239259.49915415555
Duluth,2025-05-31,258508.1895698254
Duluth,2025-06-30,282919.6766253105
Duluth,2025-07-31,256551.8901494772
Duluth,2025-08-31,258054.03782883263
Olympia,2025-03-31,514103.1573215016
Olympia,2025-04-30,526857.6419159276
Olympia,2025-05-31,533579.6909434021
Olympia,2025-06-30,537845.5718258264
Olympia,2025-07-31,540623.2075959191
Olympia,2025-08-31,536338.6422600904
Longview,2025-03-31,321324.1500326777
Longview,2025-04-30,328431.1352341851
Longview,2025-05-31,345312.0553592898
Longview,2025-06-30,338290.0409300917
Longview,2025-07-31,332899.934823461
Longview,2025-08-31,325959.472335772
Wilmington,2025-03-31,427516.839385933
Wilmington,2025-04-30,445628.5699590292
Wilmington,2025-05-31,460175.1421069094
Wilmington,2025-06-30,464320.74619256495
Wilmington,2025-07-31,448785.9885569635
Wilmington,2025-08-31,457460.6352713462
San Luis Obispo,2025-03-31,861266.3336653034
San Luis Obispo,2025-04-30,899992.1261018028
San Luis Obispo,2025-05-31,861494.6988781458
San Luis Obispo,2025-06-30,889559.7140143286
San Luis Obispo,2025-07-31,940308.2259527792
San Luis Obispo,2025-08-31,905733.5465379748
Crestview,2025-03-31,438610.84801321256
Crestview,2025-04-30,464567.9529204172
Crestview,2025-05-31,462736.2315322504
Crestview,2025-06-30,466138.0274735823
Crestview,2025-07-31,413476.4640008941
Crestview,2025-08-31,430871.6642034432
Merced,2025-03-31,411977.8413802766
Merced,2025-04-30,410085.3734537891
Merced,2025-05-31,434067.5138794434
Merced,2025-06-30,428024.4964898435
Merced,2025-07-31,425950.9463829255
Merced,2025-08-31,431973.3237028755
Waco,2025-03-31,275065.9828225146
Waco,2025-04-30,269552.51841820776
Waco,2025-05-31,293823.5715103633
Waco,2025-06-30,295041.8306737054
Waco,2025-07-31,293679.57113224507
Waco,2025-08-31,292800.42511476146
Cedar Rapids,2025-03-31,196036.29452009965
Cedar Rapids,2025-04-30,209018.0305493848
Cedar Rapids,2025-05-31,213844.1175627244
Cedar Rapids,2025-06-30,218487.9960630269
Cedar Rapids,2025-07-31,225871.13492540116
Cedar Rapids,2025-08-31,225176.19229190465
Atlantic City,2025-03-31,339153.7982517551
Atlantic City,2025-04-30,340968.2111682541
Atlantic City,2025-05-31,353095.6086376868
Atlantic City,2025-06-30,341998.25605996605
Atlantic City,2025-07-31,349394.1066292019
Atlantic City,2025-08-31,365315.14586809656
Bremerton,2025-03-31,528532.2035232396
Bremerton,2025-04-30,559340.0372128065
Bremerton,2025-05-31,573996.3629327992
Bremerton,2025-06-30,576230.4148809549
Bremerton,2025-07-31,545222.5219818334
Bremerton,2025-08-31,561919.8129363796
Santa Cruz,2025-03-31,1132920.076372624
Santa Cruz,2025-04-30,1156620.7921504108
Santa Cruz,2025-05-31,1111591.9897974182
Santa Cruz,2025-06-30,1177902.0933183683
Santa Cruz,2025-07-31,1137691.2449810423
Santa Cruz,2025-08-31,1152640.0739623872
Erie,2025-03-31,174036.11210923392
Erie,2025-04-30,174219.69401032923
Erie,2025-05-31,193177.41320920625
Erie,2025-06-30,206615.22617842245
Erie,2025-07-31,200464.4221392868
Erie,2025-08-31,191239.1746297617
Norwich,2025-03-31,354005.5734376903
Norwich,2025-04-30,364423.63672720216
Norwich,2025-05-31,380166.4006369875
Norwich,2025-06-30,398060.7972206518
Norwich,2025-07-31,388798.8713405798
Norwich,2025-08-31,393433.285468635
Amarillo,2025-03-31,226117.5941973457
Amarillo,2025-04-30,233778.95923100525
Amarillo,2025-05-31,232988.6326033398
Amarillo,2025-06-30,251816.8560589088
Amarillo,2025-07-31,236734.3445476801
Amarillo,2025-08-31,244747.1059381249
Tuscaloosa,2025-03-31,254764.18847534995
Tuscaloosa,2025-04-30,248441.0782161383
Tuscaloosa,2025-05-31,260787.8573950093
Tuscaloosa,2025-06-30,265026.75209033204
Tuscaloosa,2025-07-31,272302.5148316883
Tuscaloosa,2025-08-31,261553.3886823236
College Station,2025-03-31,315903.7890257425
College Station,2025-04-30,320038.27743931155
College Station,2025-05-31,330873.528093219
College Station,2025-06-30,327683.0508636985
College Station,2025-07-31,320229.9234450768
College Station,2025-08-31,336045.1934465722
Kalamazoo,2025-03-31,243733.20999430885
Kalamazoo,2025-04-30,250501.54433101157
Kalamazoo,2025-05-31,263650.0255482463
Kalamazoo,2025-06-30,282008.29694133456
Kalamazoo,2025-07-31,277772.03745286923
Kalamazoo,2025-08-31,278704.90398211114
Lynchburg,2025-03-31,270991.3434124191
Lynchburg,2025-04-30,283417.97658913187
Lynchburg,2025-05-31,299935.9248215779
Lynchburg,2025-06-30,312018.9331684484
Lynchburg,2025-07-31,307536.97370028903
Lynchburg,2025-08-31,299173.8014859252
Fargo,2025-03-31,286680.4156272776
Fargo,2025-04-30,296124.33362448175
Fargo,2025-05-31,311965.7427850538
Fargo,2025-06-30,317382.8525679041
Fargo,2025-07-31,319121.67248202366
Fargo,2025-08-31,306101.0270826692
Binghamton,2025-03-31,179579.52282979424
Binghamton,2025-04-30,174666.37633336103
Binghamton,2025-05-31,186458.29565176865
Binghamton,2025-06-30,202710.20167013668
Binghamton,2025-07-31,196220.68898570584
Binghamton,2025-08-31,201004.64986990285
Fort Smith,2025-03-31,182634.1279732753
Fort Smith,2025-04-30,186587.6353740392
Fort Smith,2025-05-31,208823.1125023806
Fort Smith,2025-06-30,204834.9750833261
Fort Smith,2025-07-31,198625.987942131
Fort Smith,2025-08-31,210659.0771011853
Appleton,2025-03-31,298359.55538786645
Appleton,2025-04-30,310857.8847712337
Appleton,2025-05-31,317107.2042722253
Appleton,2025-06-30,323563.6654838655
Appleton,2025-07-31,317665.5305452445
Appleton,2025-08-31,333464.3585596711
Prescott Valley,2025-03-31,493732.8659394685
Prescott Valley,2025-04-30,509312.6845533538
Prescott Valley,2025-05-31,501777.0536139439
Prescott Valley,2025-06-30,502569.35546663206
Prescott Valley,2025-07-31,491080.8687890553
Prescott Valley,2025-08-31,486383.7956646323
Macon,2025-03-31,161427.85673715817
Macon,2025-04-30,167149.34719219155
Macon,2025-05-31,184949.555194416
Macon,2025-06-30,187051.0112331679
Macon,2025-07-31,158605.6962177542
Macon,2025-08-31,183018.04480102344
Barnstable Town,2025-03-31,659777.2240180455
Barnstable Town,2025-04-30,728170.1276139717
Barnstable Town,2025-05-31,713590.1073249079
Barnstable Town,2025-06-30,734282.018248138
Barnstable Town,2025-07-31,721242.8054581411
Barnstable Town,2025-08-31,705073.8495964259
Daphne,2025-03-31,391712.7704473356
Daphne,2025-04-30,396659.02942807175
Daphne,2025-05-31,407101.18253497954
Daphne,2025-06-30,393282.9198027788
Daphne,2025-07-31,390832.20380379097
Daphne,2025-08-31,392494.1861327737
Bellingham,2025-03-31,632076.0556284541
Bellingham,2025-04-30,642444.8865579716
Bellingham,2025-05-31,639664.2873066427
Bellingham,2025-06-30,633404.7908373071
Bellingham,2025-07-31,641641.798618983
Bellingham,2025-08-31,648972.4634455371
Burlington,2025-03-31,406418.90933496953
Burlington,2025-04-30,449573.856093477
Burlington,2025-05-31,466881.6600462222
Burlington,2025-06-30,496401.3299829054
Burlington,2025-07-31,488937.2042088133
Burlington,2025-08-31,490958.0924992355
Champaign,2025-03-31,201782.0746698989
Champaign,2025-04-30,228229.7328152973
Champaign,2025-05-31,221792.2046315652
Champaign,2025-06-30,238487.3354997089
Champaign,2025-07-31,236613.34046490103
Champaign,2025-08-31,227921.14930574165
Medford,2025-03-31,432904.5231385876
Medford,2025-04-30,432802.6551557733
Medford,2025-05-31,438139.377632249
Medford,2025-06-30,452935.9578860848
Medford,2025-07-31,448927.484444309
Medford,2025-08-31,452543.5745238029
Lebanon,2025-03-31,311457.15779970126
Lebanon,2025-04-30,339236.21245286654
Lebanon,2025-05-31,337713.4753724327
Lebanon,2025-06-30,347679.0153437964
Lebanon,2025-07-31,344181.7063593381
Lebanon,2025-08-31,344127.6970507063
Charlottesville,2025-03-31,464398.1769890896
Charlottesville,2025-04-30,487556.81223785446
Charlottesville,2025-05-31,482374.9936011116
Charlottesville,2025-06-30,500459.91403004143
Charlottesville,2025-07-31,489278.9167727693
Charlottesville,2025-08-31,466222.7464341513
Las Cruces,2025-03-31,304513.52849907137
Las Cruces,2025-04-30,311198.0076446464
Las Cruces,2025-05-31,306747.11979320465
Las Cruces,2025-06-30,316470.94388590514
Las Cruces,2025-07-31,324211.8603278583
Las Cruces,2025-08-31,312580.9609011974
Chico,2025-03-31,386494.9462919875
Chico,2025-04-30,418882.9122172138
Chico,2025-05-31,433465.4218817669
Chico,2025-06-30,423494.0893709547
Chico,2025-07-31,427183.0255735839
Chico,2025-08-31,439317.9621307779
Hilton Head Island,2025-03-31,574083.6006085719
Hilton Head Island,2025-04-30,596337.8162437307
Hilton Head Island,2025-05-31,589968.7608490207
Hilton Head Island,2025-06-30,598258.0697582408
Hilton Head Island,2025-07-31,593289.4954729072
Hilton Head Island,2025-08-31,590030.6893539329
Athens,2025-03-31,339300.8591893435
Athens,2025-04-30,352014.4714359584
Athens,2025-05-31,373229.8076344448
Athens,2025-06-30,369369.9484743499
Athens,2025-07-31,371380.2834266216
Athens,2025-08-31,338733.00762870145
Lake Havasu City,2025-03-31,333717.25524255977
Lake Havasu City,2025-04-30,346109.75641786586
Lake Havasu City,2025-05-31,356894.45906857343
Lake Havasu City,2025-06-30,327024.26954422845
Lake Havasu City,2025-07-31,336704.2606887026
Lake Havasu City,2025-08-31,324561.7331496524
Elkhart,2025-03-31,242674.8760751748
Elkhart,2025-04-30,242510.34100414987
Elkhart,2025-05-31,247325.2910254773
Elkhart,2025-06-30,258474.58404789137
Elkhart,2025-07-31,255719.0604333273
Elkhart,2025-08-31,252817.82510296715
Johnson City,2025-03-31,268130.44048303587
Johnson City,2025-04-30,277719.7186094958
Johnson City,2025-05-31,297873.730594522
Johnson City,2025-06-30,320217.6273997324
Johnson City,2025-07-31,307238.8805204931
Johnson City,2025-08-31,305829.36687515245
Yuma,2025-03-31,295679.49395010824
Yuma,2025-04-30,288277.30024658225
Yuma,2025-05-31,307642.1177848682
Yuma,2025-06-30,311106.5091912695
Yuma,2025-07-31,306508.7837704416
Yuma,2025-08-31,305490.421150876
Florence,2025-03-31,197077.45546962088
Florence,2025-04-30,209290.79197292725
Florence,2025-05-31,215155.66194487413
Florence,2025-06-30,226288.04982706727
Florence,2025-07-31,218839.24740675424
Florence,2025-08-31,212469.97246921287
Hilo,2025-03-31,656815.9918069752
Hilo,2025-04-30,641498.9398377924
Hilo,2025-05-31,634065.8631968051
Hilo,2025-06-30,609876.3733422161
Hilo,2025-07-31,659608.4973497461
Hilo,2025-08-31,601489.7136058174
St. Cloud,2025-03-31,277556.2231075951
St. Cloud,2025-04-30,282918.964119778
St. Cloud,2025-05-31,300444.4739277094
St. Cloud,2025-06-30,309443.78524948674
St. Cloud,2025-07-31,305797.6206477285
St. Cloud,2025-08-31,308076.4653553668
Racine,2025-03-31,247043.9523525688
Racine,2025-04-30,257248.25401126524
Racine,2025-05-31,263361.2155116201
Racine,2025-06-30,275929.33709026733
Racine,2025-07-31,276309.0929313805
Racine,2025-08-31,283779.883812554
Bend,2025-03-31,714237.7900601214
Bend,2025-04-30,686664.9950951111
Bend,2025-05-31,721480.9194798473
Bend,2025-06-30,734058.829525033
Bend,2025-07-31,717119.6289764056
Bend,2025-08-31,708371.9293429112
Saginaw,2025-03-31,146557.2660759416
Saginaw,2025-04-30,160614.2111504658
Saginaw,2025-05-31,169662.55217327707
Saginaw,2025-06-30,163122.03326722918
Saginaw,2025-07-31,173170.5537536319
Saginaw,2025-08-31,162388.37129184467
Warner Robins,2025-03-31,236365.81859570343
Warner Robins,2025-04-30,234896.87965503207
Warner Robins,2025-05-31,260974.9904185485
Warner Robins,2025-06-30,251968.8142741976
Warner Robins,2025-07-31,258747.86880110504
Warner Robins,2025-08-31,253025.9367665913
Torrington,2025-03-31,342803.490669125
Torrington,2025-04-30,367471.1124384041
Torrington,2025-05-31,365291.8111759986
Torrington,2025-06-30,396842.2891380042
Torrington,2025-07-31,387803.3290838105
Torrington,2025-08-31,374188.0022434342
Punta Gorda,2025-03-31,314006.4756308649
Punta Gorda,2025-04-30,319321.28828993306
Punta Gorda,2025-05-31,319628.15191269
Punta Gorda,2025-06-30,308431.75888088584
Punta Gorda,2025-07-31,308323.3636889395
Punta Gorda,2025-08-31,294998.475109926
Redding,2025-03-31,363818.88618518406
Redding,2025-04-30,356703.3004915201
Redding,2025-05-31,380094.8653268567
Redding,2025-06-30,391101.2260837305
Redding,2025-07-31,373633.1654554666
Redding,2025-08-31,362881.0675266425
Kingston,2025-03-31,412645.9885030209
Kingston,2025-04-30,428735.4264776627
Kingston,2025-05-31,428499.9079579258
Kingston,2025-06-30,416119.3135744142
Kingston,2025-07-31,471530.0471301809
Kingston,2025-08-31,468007.7689495448
Panama City,2025-03-31,330811.1927570821
Panama City,2025-04-30,349887.218943519
Panama City,2025-05-31,345680.9038576009
Panama City,2025-06-30,347429.60389513924
Panama City,2025-07-31,342431.95397045865
Panama City,2025-08-31,342925.3898013609
Joplin,2025-03-31,211470.035752056
Joplin,2025-04-30,202788.39211367976
Joplin,2025-05-31,222645.19599435787
Joplin,2025-06-30,215156.0461573196
Joplin,2025-07-31,211948.93820637368
Joplin,2025-08-31,209168.39542526065
Dover,2025-03-31,320137.187117154
Dover,2025-04-30,352772.2131717458
Dover,2025-05-31,350394.7994501333
Dover,2025-06-30,351188.67618062504
Dover,2025-07-31,360443.76010544936
Dover,2025-08-31,352595.4231911856
Bowling Green,2025-03-31,269683.89533253753
Bowling Green,2025-04-30,275024.58215641713
Bowling Green,2025-05-31,279872.7346706263
Bowling Green,2025-06-30,286757.0222859477
Bowling Green,2025-07-31,289635.689962114
Bowling Green,2025-08-31,280760.5939908492
St. George,2025-03-31,512037.4011195991
St. George,2025-04-30,554064.6041673818
St. George,2025-05-31,514471.2502478749
St. George,2025-06-30,510991.4886121129
St. George,2025-07-31,525228.2787438472
St. George,2025-08-31,508363.6090140824
Muskegon,2025-03-31,197217.9348722004
Muskegon,2025-04-30,210109.2283097404
Muskegon,2025-05-31,211432.51905546075
Muskegon,2025-06-30,233801.43786209356
Muskegon,2025-07-31,234147.2402981513
Muskegon,2025-08-31,239355.6087457109
Abilene,2025-03-31,228876.0367502372
Abilene,2025-04-30,236344.4306166361
Abilene,2025-05-31,255516.9643227199
Abilene,2025-06-30,254990.01328458847
Abilene,2025-07-31,258512.6808148982
Abilene,2025-08-31,257385.8256388885
Iowa City,2025-03-31,289413.7759443389
Iowa City,2025-04-30,295271.4676189655
Iowa City,2025-05-31,303732.3613921704
Iowa City,2025-06-30,314418.85104431084
Iowa City,2025-07-31,311674.2165778834
Iowa City,2025-08-31,322863.679892153
Auburn,2025-03-31,318171.28685370885
Auburn,2025-04-30,324678.5613082858
Auburn,2025-05-31,336831.46107202256
Auburn,2025-06-30,350700.0433496732
Auburn,2025-07-31,356044.2603236193
Auburn,2025-08-31,349379.1588093846
Midland,2025-03-31,355495.2210171548
Midland,2025-04-30,354741.49555740715
Midland,2025-05-31,369430.3210517744
Midland,2025-06-30,395440.8927734727
Midland,2025-07-31,375828.842538718
Midland,2025-08-31,393411.0469746591
Bloomington,2025-03-31,261210.0712240794
Bloomington,2025-04-30,273143.5529126429
Bloomington,2025-05-31,286215.083638803
Bloomington,2025-06-30,300952.1941109698
Bloomington,2025-07-31,280568.748273038
Bloomington,2025-08-31,280914.5265912171
Oshkosh,2025-03-31,254331.86454831093
Oshkosh,2025-04-30,259254.40279305572
Oshkosh,2025-05-31,275183.6698476431
Oshkosh,2025-06-30,288324.5574128069
Oshkosh,2025-07-31,273125.38206510345
Oshkosh,2025-08-31,277215.3273998112
Eau Claire,2025-03-31,275982.40694102366
Eau Claire,2025-04-30,300853.9433874773
Eau Claire,2025-05-31,299352.9807972419
Eau Claire,2025-06-30,309541.5488096665
Eau Claire,2025-07-31,303485.4307231381
Eau Claire,2025-08-31,298341.75745916786
Waterloo,2025-03-31,194498.58322268256
Waterloo,2025-04-30,185518.60799725493
Waterloo,2025-05-31,198766.2749970806
Waterloo,2025-06-30,219186.37206746437
Waterloo,2025-07-31,208073.4799200574
Waterloo,2025-08-31,203691.74589886688
Coeur d'Alene,2025-03-31,541795.2794150918
Coeur d'Alene,2025-04-30,569118.9923341239
Coeur d'Alene,2025-05-31,563764.8196242644
Coeur d'Alene,2025-06-30,572848.5210312634
Coeur d'Alene,2025-07-31,573500.9524252848
Coeur d'Alene,2025-08-31,550229.2789906817
East Stroudsburg,2025-03-31,302682.932238
East Stroudsburg,2025-04-30,306187.39872452343
East Stroudsburg,2025-05-31,298237.9519072413
East Stroudsburg,2025-06-30,317483.85412698926
East Stroudsburg,2025-07-31,317131.4791651905
East Stroudsburg,2025-08-31,306703.245141425
Pueblo,2025-03-31,295960.913464791
Pueblo,2025-04-30,287713.267674338
Pueblo,2025-05-31,315625.76754599856
Pueblo,2025-06-30,308765.2979567239
Pueblo,2025-07-31,302637.18289964687
Pueblo,2025-08-31,305404.9949890959
Wausau,2025-03-31,218701.75949607283
Wausau,2025-04-30,246400.0850271276
Wausau,2025-05-31,246229.6455551553
Wausau,2025-06-30,252309.9169846132
Wausau,2025-07-31,242154.35899808127
Wausau,2025-08-31,252017.20513776076
Kahului,2025-03-31,1107319.4531064443
Kahului,2025-04-30,1163544.7489796465
Kahului,2025-05-31,1172345.0276640512
Kahului,2025-06-30,1283800.64369728
Kahului,2025-07-31,1078245.92807701
Kahului,2025-08-31,1169694.4654893389
Janesville,2025-03-31,231241.89006515997
Janesville,2025-04-30,246296.38402107937
Janesville,2025-05-31,256324.2469278014
Janesville,2025-06-30,272971.0990218879
Janesville,2025-07-31,270999.3956012108
Janesville,2025-08-31,267102.28116461635
Sebastian,2025-03-31,379764.8351690164
Sebastian,2025-04-30,387475.3195397869
Sebastian,2025-05-31,379940.4233360846
Sebastian,2025-06-30,378796.1001241156
Sebastian,2025-07-31,363547.5923884075
Sebastian,2025-08-31,337032.1723447693
Madera,2025-03-31,420087.8989567137
Madera,2025-04-30,425232.0267497196
Madera,2025-05-31,426988.98860746046
Madera,2025-06-30,422928.10353922937
Madera,2025-07-31,425465.31200928986
Madera,2025-08-31,424990.7991022376
Chambersburg,2025-03-31,267370.294486522
Chambersburg,2025-04-30,261524.11069039183
Chambersburg,2025-05-31,286751.3823333556
Chambersburg,2025-06-30,277688.02273643034
Chambersburg,2025-07-31,286617.7471798988
Chambersburg,2025-08-31,276648.5667376426
Idaho Falls,2025-03-31,395412.1326875806
Idaho Falls,2025-04-30,405004.3770437254
Idaho Falls,2025-05-31,422432.1624025152
Idaho Falls,2025-06-30,415651.24586113176
Idaho Falls,2025-07-31,446823.50058001146
Idaho Falls,2025-08-31,427700.7581089444
Grand Junction,2025-03-31,394529.3709435538
Grand Junction,2025-04-30,422754.7340284268
Grand Junction,2025-05-31,428927.06663077086
Grand Junction,2025-06-30,435721.2515786848
Grand Junction,2025-07-31,433182.41489668976
Grand Junction,2025-08-31,419101.7798899717
Elizabethtown,2025-03-31,255598.7127189892
Elizabethtown,2025-04-30,260874.9826351055
Elizabethtown,2025-05-31,278841.594342935
Elizabethtown,2025-06-30,297847.09450680105
Elizabethtown,2025-07-31,276355.26723872474
Elizabethtown,2025-08-31,256161.03796810785
Niles,2025-03-31,255703.91602863895
Niles,2025-04-30,268343.4602530828
Niles,2025-05-31,282712.38598843466
Niles,2025-06-30,287356.52051737264
Niles,2025-07-31,279858.0418205004
Niles,2025-08-31,287653.44286693266
Monroe,2025-03-31,234711.36490898865
Monroe,2025-04-30,246740.2580910728
Monroe,2025-05-31,265177.2085643223
Monroe,2025-06-30,256975.93981164377
Monroe,2025-07-31,260588.8603219097
Monroe,2025-08-31,267057.7347337999
Santa Fe,2025-03-31,578622.1997875358
Santa Fe,2025-04-30,635260.2857464994
Santa Fe,2025-05-31,611566.2717550668
Santa Fe,2025-06-30,612680.718537858
Santa Fe,2025-07-31,631051.7858034214
Santa Fe,2025-08-31,606885.4559431933
Alexandria,2025-03-31,188383.5092086997
Alexandria,2025-04-30,172433.7432131528
Alexandria,2025-05-31,194579.8973160077
Alexandria,2025-06-30,188719.69822476557
Alexandria,2025-07-31,193229.0270953364
Alexandria,2025-08-31,176485.2637930837
Traverse City,2025-03-31,374017.1266806685
Traverse City,2025-04-30,423862.44665615045
Traverse City,2025-05-31,442694.8541295204
Traverse City,2025-06-30,433138.9283084482
Traverse City,2025-07-31,462207.2835413093
Traverse City,2025-08-31,449263.8355410269
Homosassa Springs,2025-03-31,274549.6265433617
Homosassa Springs,2025-04-30,271903.0466176969
Homosassa Springs,2025-05-31,265373.3918467935
Homosassa Springs,2025-06-30,288465.32329413167
Homosassa Springs,2025-07-31,281946.760844997
Homosassa Springs,2025-08-31,263185.94981312426
Jefferson City,2025-03-31,240877.7320049958
Jefferson City,2025-04-30,258519.2161745944
Jefferson City,2025-05-31,269307.8481522131
Jefferson City,2025-06-30,276995.1814215104
Jefferson City,2025-07-31,267590.4041356176
Jefferson City,2025-08-31,269427.039004263
Dothan,2025-03-31,192120.5925951409
Dothan,2025-04-30,217837.275523562
Dothan,2025-05-31,203183.4197463021
Dothan,2025-06-30,225724.2704394492
Dothan,2025-07-31,197594.04859403693
Dothan,2025-08-31,210082.53650500716
Ottawa,2025-03-31,157726.39680114077
Ottawa,2025-04-30,151037.7056501091
Ottawa,2025-05-31,164868.92031483274
Ottawa,2025-06-30,156634.81274705456
Ottawa,2025-07-31,162840.10428654857
Ottawa,2025-08-31,167318.77090584807
Valdosta,2025-03-31,231752.26589087045
Valdosta,2025-04-30,234167.19427435315
Valdosta,2025-05-31,236696.79576868564
Valdosta,2025-06-30,263465.7880271966
Valdosta,2025-07-31,252652.6930020388
Valdosta,2025-08-31,245447.35700662184
Flagstaff,2025-03-31,597525.6478414872
Flagstaff,2025-04-30,610180.4048551967
Flagstaff,2025-05-31,634044.7311083631
Flagstaff,2025-06-30,606547.2064885731
Flagstaff,2025-07-31,627696.4822412069
Flagstaff,2025-08-31,629017.7231514306
Rocky Mount,2025-03-31,168180.14454270777
Rocky Mount,2025-04-30,175375.8317081156
Rocky Mount,2025-05-31,188804.97245234493
Rocky Mount,2025-06-30,169200.43521042902
Rocky Mount,2025-07-31,205387.0423508661
Rocky Mount,2025-08-31,177024.0901075398
Pottsville,2025-03-31,135397.4322835412
Pottsville,2025-04-30,130017.96861264472
Pottsville,2025-05-31,123208.64538118
Pottsville,2025-06-30,138652.91546137453
Pottsville,2025-07-31,139613.12074061207
Pottsville,2025-08-31,135289.9616084486
Morristown,2025-03-31,291302.7614664117
Morristown,2025-04-30,296732.52788000426
Morristown,2025-05-31,305982.0813604689
Morristown,2025-06-30,302019.268098367
Morristown,2025-07-31,296280.7824069718
Morristown,2025-08-31,296705.6691878049
Winchester,2025-03-31,380251.93696579314
Winchester,2025-04-30,399884.1731473823
Winchester,2025-05-31,396327.39909176814
Winchester,2025-06-30,409549.8794547633
Winchester,2025-07-31,405031.8527270728
Winchester,2025-08-31,412456.5136649052
Rapid City,2025-03-31,357488.1828089846
Rapid City,2025-04-30,374493.1106588007
Rapid City,2025-05-31,381473.3270303353
Rapid City,2025-06-30,385222.4051095179
Rapid City,2025-07-31,370488.6748573572
Rapid City,2025-08-31,385082.5058199152
Sumter,2025-03-31,207796.1550152451
Sumter,2025-04-30,214932.54780327863
Sumter,2025-05-31,213120.31081099992
Sumter,2025-06-30,234228.1597051826
Sumter,2025-07-31,231241.5259513876
Sumter,2025-08-31,220918.99915912928
Battle Creek,2025-03-31,165352.64896598365
Battle Creek,2025-04-30,168348.12229101348
Battle Creek,2025-05-31,180385.8044114807
Battle Creek,2025-06-30,189628.807244966
Battle Creek,2025-07-31,187735.8848561445
Battle Creek,2025-08-31,178078.2852466278
Sherman,2025-03-31,284547.01183668006
Sherman,2025-04-30,299871.87947928853
Sherman,2025-05-31,292414.9572185177
Sherman,2025-06-30,293741.55734772334
Sherman,2025-07-31,275026.4674082103
Sherman,2025-08-31,298602.3826012897
Jonesboro,2025-03-31,206268.9739823909
Jonesboro,2025-04-30,217421.7007742957
Jonesboro,2025-05-31,213360.73076822303
Jonesboro,2025-06-30,210084.9956733958
Jonesboro,2025-07-31,212275.86505865376
Jonesboro,2025-08-31,203498.61294188144
Bismarck,2025-03-31,304920.0464798315
Bismarck,2025-04-30,327593.6752554138
Bismarck,2025-05-31,311167.1066285253
Bismarck,2025-06-30,316238.20412943093
Bismarck,2025-07-31,320554.69008836726
Bismarck,2025-08-31,341529.1431614326
Mount Vernon,2025-03-31,580920.5695381612
Mount Vernon,2025-04-30,643975.2411139675
Mount Vernon,2025-05-31,602280.9058246186
Mount Vernon,2025-06-30,613037.6986350699
Mount Vernon,2025-07-31,595100.8259580686
Mount Vernon,2025-08-31,614698.5346013698
The Villages,2025-03-31,406697.2783022695
The Villages,2025-04-30,403117.0987025876
The Villages,2025-05-31,409012.9842278386
The Villages,2025-06-30,401344.7655767465
The Villages,2025-07-31,406685.4152160564
The Villages,2025-08-31,415032.62645852106
Lawton,2025-03-31,149653.12155207634
Lawton,2025-04-30,146485.09898259133
Lawton,2025-05-31,156949.92647173587
Lawton,2025-06-30,160662.0650400648
Lawton,2025-07-31,156271.57738426913
Lawton,2025-08-31,158889.00672161928
Sierra Vista,2025-03-31,260205.80404652053
Sierra Vista,2025-04-30,275727.7115656677
Sierra Vista,2025-05-31,266269.6750181881
Sierra Vista,2025-06-30,265111.5073234206
Sierra Vista,2025-07-31,275167.3614259886
Sierra Vista,2025-08-31,268318.5381139304
New Bern,2025-03-31,279044.0981952918
New Bern,2025-04-30,273842.6281924309
New Bern,2025-05-31,285928.71124362043
New Bern,2025-06-30,291343.3232637494
New Bern,2025-07-31,281619.63913376693
New Bern,2025-08-31,286481.0831787641
Wenatchee,2025-03-31,533300.5773319602
Wenatchee,2025-04-30,550539.9542873228
Wenatchee,2025-05-31,531860.0416009104
Wenatchee,2025-06-30,616019.206131601
Wenatchee,2025-07-31,569160.8073425904
Wenatchee,2025-08-31,587193.368110189
Holland,2025-03-31,309295.07985019806
Holland,2025-04-30,324825.06441265484
Holland,2025-05-31,327665.3319903664
Holland,2025-06-30,335123.5782981223
Holland,2025-07-31,335496.78386041534
Holland,2025-08-31,322022.6006324671
Goldsboro,2025-03-31,234407.36548808063
Goldsboro,2025-04-30,220280.4257792412
Goldsboro,2025-05-31,245001.44773867316
Goldsboro,2025-06-30,255952.2064574571
Goldsboro,2025-07-31,227638.13371650456
Goldsboro,2025-08-31,254172.3958757532
Brunswick,2025-03-31,361950.6888998448
Brunswick,2025-04-30,357853.1341410624
Brunswick,2025-05-31,386473.3392447907
Brunswick,2025-06-30,354348.7888308063
Brunswick,2025-07-31,349607.250942386
Brunswick,2025-08-31,347765.923995851
Roseburg,2025-03-31,315825.6161127386
Roseburg,2025-04-30,315208.17441298923
Roseburg,2025-05-31,354207.03860940645
Roseburg,2025-06-30,362589.590187939
Roseburg,2025-07-31,333601.41089896986
Roseburg,2025-08-31,347816.2219677064
Tullahoma,2025-03-31,294692.46364031924
Tullahoma,2025-04-30,303649.54674316605
Tullahoma,2025-05-31,314654.89440219017
Tullahoma,2025-06-30,312174.4123613855
Tullahoma,2025-07-31,323637.0042832484
Tullahoma,2025-08-31,300828.65677093726
Decatur,2025-03-31,110774.57653404778
Decatur,2025-04-30,122406.61508088044
Decatur,2025-05-31,121156.36847798454
Decatur,2025-06-30,132764.4977509968
Decatur,2025-07-31,126080.4598474091
Decatur,2025-08-31,123045.5188048966
LaGrange,2025-03-31,195862.79675258097
LaGrange,2025-04-30,204157.315405344
LaGrange,2025-05-31,207650.728671818
LaGrange,2025-06-30,217809.33171168945
LaGrange,2025-07-31,214224.0041536561
LaGrange,2025-08-31,216994.74676845557
Truckee,2025-03-31,576143.2342755087
Truckee,2025-04-30,629984.5102529685
Truckee,2025-05-31,597989.3137095865
Truckee,2025-06-30,673065.933875652
Truckee,2025-07-31,681500.1320908455
Truckee,2025-08-31,637124.1702167876
Sebring,2025-03-31,235860.3200496399
Sebring,2025-04-30,237826.7116719136
Sebring,2025-05-31,228242.71795934543
Sebring,2025-06-30,243083.9938892908
Sebring,2025-07-31,240357.10620486503
Sebring,2025-08-31,224803.1542602783
Cheyenne,2025-03-31,358070.981723673
Cheyenne,2025-04-30,355845.21441418614
Cheyenne,2025-05-31,379278.46339553554
Cheyenne,2025-06-30,394143.28405636136
Cheyenne,2025-07-31,381654.0648402581
Cheyenne,2025-08-31,370894.3509431145
Hot Springs,2025-03-31,253603.56964109963
Hot Springs,2025-04-30,262974.2392985207
Hot Springs,2025-05-31,261179.41096686144
Hot Springs,2025-06-30,263442.29774333624
Hot Springs,2025-07-31,263656.2876904581
Hot Springs,2025-08-31,271700.78593688284
Pinehurst,2025-03-31,462469.2071817082
Pinehurst,2025-04-30,467666.0071180207
Pinehurst,2025-05-31,505349.05758563016
Pinehurst,2025-06-30,467119.5767964173
Pinehurst,2025-07-31,471947.04813049786
Pinehurst,2025-08-31,479957.84812401177
Rome,2025-03-31,226601.6374731158
Rome,2025-04-30,231290.54372649227
Rome,2025-05-31,253506.9199332516
Rome,2025-06-30,243395.6962739143
Rome,2025-07-31,234197.59435626777
Rome,2025-08-31,243435.2383713947
Sevierville,2025-03-31,414720.3592703844
Sevierville,2025-04-30,422056.0907806842
Sevierville,2025-05-31,419906.4329693057
Sevierville,2025-06-30,417622.4522375053
Sevierville,2025-07-31,396290.38795955
Sevierville,2025-08-31,381892.8627617795
Ocean City,2025-03-31,587893.4860348407
Ocean City,2025-04-30,679420.8927991668
Ocean City,2025-05-31,660038.4568771592
Ocean City,2025-06-30,633286.442552809
Ocean City,2025-07-31,652516.8690026259
Ocean City,2025-08-31,647144.5046112784
Oak Harbor,2025-03-31,555897.4094171183
Oak Harbor,2025-04-30,590324.6986098761
Oak Harbor,2025-05-31,626856.4202430272
Oak Harbor,2025-06-30,636236.0530586491
Oak Harbor,2025-07-31,602782.2587666218
Oak Harbor,2025-08-31,646534.2603041863
Kokomo,2025-03-31,176352.89718028685
Kokomo,2025-04-30,184577.02295157232
Kokomo,2025-05-31,186361.23134674825
Kokomo,2025-06-30,197703.12244589883
Kokomo,2025-07-31,198792.44095323968
Kokomo,2025-08-31,206292.20349189176
Key West,2025-03-31,970969.176053212
Key West,2025-04-30,972187.2243783926
Key West,2025-05-31,1001377.579488298
Key West,2025-06-30,959866.5814706596
Key West,2025-07-31,917029.792281108
Key West,2025-08-31,907023.4014647854
Seneca,2025-03-31,292080.3767653142
Seneca,2025-04-30,314700.01147932163
Seneca,2025-05-31,335473.5977203845
Seneca,2025-06-30,303763.60113195423
Seneca,2025-07-31,344551.16142477875
Seneca,2025-08-31,296350.8213121206
Heber,2025-03-31,1138425.7516871707
Heber,2025-04-30,1233378.597342896
Heber,2025-05-31,1071865.608401402
Heber,2025-06-30,1152865.694766356
Heber,2025-07-31,1167753.1936848983
Heber,2025-08-31,1069937.606840203
Morehead City,2025-03-31,500048.7315987012
Morehead City,2025-04-30,524970.9242583268
Morehead City,2025-05-31,462853.5255808684
Morehead City,2025-06-30,481167.6204174215
Morehead City,2025-07-31,478386.1623194928
Morehead City,2025-08-31,481744.54537803365
Georgetown,2025-03-31,408884.17433884
Georgetown,2025-04-30,419043.59630729415
Georgetown,2025-05-31,448563.3875292095
Georgetown,2025-06-30,424586.8737763537
Georgetown,2025-07-31,443849.14753969177
Georgetown,2025-08-31,436700.05397745257
Kill Devil Hills,2025-03-31,630929.2905780644
Kill Devil Hills,2025-04-30,646584.1776110458
Kill Devil Hills,2025-05-31,649673.3832520711
Kill Devil Hills,2025-06-30,637908.8277414831
Kill Devil Hills,2025-07-31,643355.5449449853
Kill Devil Hills,2025-08-31,659133.8501470112
Breckenridge,2025-03-31,980349.5387781904
Breckenridge,2025-04-30,1144877.169759903
Breckenridge,2025-05-31,1031713.0303746111
Breckenridge,2025-06-30,1067937.8384772614
Breckenridge,2025-07-31,1088729.1966606565
Breckenridge,2025-08-31,1056520.5845577132
